{
  "raw_input": [
    0.5,
    0.5,
    0.5,
    0.5,
    0.5
  ],
  "scaled_input": [
    10.187597728615373,
    21.77380850330011,
    27.57337780809535,
    64.78509386464981,
    116.59333946936131
  ],
  "prediction": "stressed",
  "prediction_id": 2,
  "probabilities": [
    1.0225124012149318e-14,
    9.015051079236706e-10,
    0.9999999990984847
  ],
  "confidence": 0.9999999990984847,
  "classes": [
    "calm",
    "relaxed",
    "stressed"
  ]
}